"hfpxzc href","qBF1Pd","MW4etd","UY7F9","W4Efsd","W4Efsd 2","doJOZc","W4Efsd 3","W4Efsd 4","W4Efsd 5","W4Efsd 6","UsdlK","lcr4fd href","Cw1rxd","R8c4Qb","Cw1rxd 2","R8c4Qb 2","Jn12ke src","ah5Ghc","W4Efsd 7"
"","","","","","","","","","","","","","","","","","","",""
"","","","","","","","","","","","","","","","","","","",""
"https://www.google.com/maps/place/Heart+of+Texas+Veterinary+Specialty+Center/data=!4m7!3m6!1s0x8644d1765229f45b:0xaddfdae240ba6847!8m2!3d30.4968117!4d-97.6180094!16s%2Fg%2F1tf02wfy!19sChIJW_QpUnbRRIYRR2i6QOLa360?authuser=0&hl=en&rclk=1","Heart of Texas Veterinary Specialty Center","3.9","(913)","Emergency veterinarian service","·","","·","3675 Gattis School Rd","Open 24 hours","·","(512) 744-4644","https://www.thrivepetcare.com/locations/texas/round-rock/heart-of-texas-veterinary-specialty-center?utm_source=google&utm_medium=gmb","","Website","","Directions","https://ssl.gstatic.com/local/servicebusiness/default_user.png","""The vet and their team were kind and thorough.""",""
"https://www.google.com/maps/place/Central+Texas+Veterinary+Speciality+and+Emergency+Hospital-+Round+Rock/data=!4m7!3m6!1s0x8644d1f2cba1a7a9:0x6128a2481ba11a4!8m2!3d30.5091826!4d-97.6891941!16s%2Fg%2F1v_z4qkx!19sChIJqaehy_LRRIYRpBG6gSSKEgY?authuser=0&hl=en&rclk=1","Central Texas Veterinary Speciality and Emergency Hospital- Round Rock","4.3","(1,233)","Veterinarian","·","","·","301 Chisholm Trail Rd","Open 24 hours","·","(512) 982-0535","https://ctvsh.com/round-rock-location/","","Website","","Directions","https://ssl.gstatic.com/local/servicebusiness/default_user.png","""this place not only saved my dog’s life but they treat my dog like family!""",""
"https://www.google.com/maps/place/Vetco+Total+Care/data=!4m7!3m6!1s0x8644c5ee05610023:0x64c2bd4014d06173!8m2!3d30.472535!4d-97.5968575!16s%2Fg%2F11vkp65vhw!19sChIJIwBhBe7FRIYRc2HQFEC9wmQ?authuser=0&hl=en&rclk=1","Vetco Total Care","4.3","(37)","Veterinarian","·","","·","19000 Limestone Commercial Dr #400","Closed","·","(737) 800-5719","https://stores.petco.com/tx/pflugerville/vet-hospital-pflugerville-tx-1498.html?utm_source=google&utm_campaign=locallist_1498_vtc","","Website","","Directions","https://ssl.gstatic.com/local/servicebusiness/default_user.png","""Their genuine care and understanding for my pets made all the difference.""","· Opens 8 AM Tue"
"https://www.google.com/maps/place/Pflugerville+Animal+Hospital/data=!4m7!3m6!1s0x8644cf932fb77d57:0x3c47f2ac84b7eced!8m2!3d30.4622842!4d-97.6233788!16s%2Fg%2F1tnl1sxm!19sChIJV323L5PPRIYR7ey3hKzyRzw?authuser=0&hl=en&rclk=1","Pflugerville Animal Hospital","4.3","(351)","Veterinarian","·","","409 E Pflugerville Pkwy Suite 900","","Closed","·","(512) 251-1917","http://www.pflugervilleanimalhospital.com/","","Website","","Directions","https://ssl.gstatic.com/local/servicebusiness/default_user.png","""Always able to get me in quickly and treat my fur babies well.""","· Opens 7 AM Mon"
"https://www.google.com/maps/place/Pfennig+Lane+Animal+Hospital/data=!4m7!3m6!1s0x8644cf8895df4877:0x8dc21677d2804392!8m2!3d30.4562695!4d-97.6154242!16s%2Fg%2F1q5bpth6g!19sChIJd0jflYjPRIYRkkOA0ncWwo0?authuser=0&hl=en&rclk=1","Pfennig Lane Animal Hospital","4.5","(168)","Veterinarian","·","","·","1106 E Pfennig Ln","Closed","·","(512) 989-2222","https://pflah.com/","","Website","","Directions","https://ssl.gstatic.com/local/servicebusiness/default_user.png","""They are totally professional and caring with our fur baby""","· Opens 8 AM Mon"
"https://www.google.com/maps/place/VCA+Hometown+Animal+Hospital/data=!4m7!3m6!1s0x8644c581d51766d3:0x2fd8818667864af4!8m2!3d30.4438482!4d-97.608732!16s%2Fg%2F1tf588lc!19sChIJ02YX1YHFRIYR9EqGZ4aB2C8?authuser=0&hl=en&rclk=1","VCA Hometown Animal Hospital","4.4","(626)","Veterinarian","·","","·","1001 FM 685","Closed","·","(512) 251-2242","https://vcahospitals.com/hometown?utm_source=maps&utm_medium=organic&utm_campaign=AU_1132","","Website","","Directions","https://ssl.gstatic.com/local/servicebusiness/default_user.png","""Very helpful and seemed genuinely concerned about my dog and my family.""","· Opens 7 AM Mon"
"https://www.google.com/maps/place/Central+Texas+Animal+Hospital/data=!4m7!3m6!1s0x8644cf9e42cd7477:0x7683003465d5ac9c!8m2!3d30.4446644!4d-97.6296778!16s%2Fg%2F1tg4x719!19sChIJd3TNQp7PRIYRnKzVZTQAg3Y?authuser=0&hl=en&rclk=1","Central Texas Animal Hospital","4.7","(469)","Veterinarian","·","","·","1200 W Pecan St","Closed","·","(512) 251-2275","https://centraltexasanimalhospital.com/","","Website","","Directions","https://ssl.gstatic.com/local/servicebusiness/default_user.png","""The vet and her staff were very thorough and sweet to me and my girl.""","· Opens 7 AM Mon"
"https://www.google.com/maps/place/White+Rock+Veterinary+Hospital/data=!4m7!3m6!1s0x8644ce53067d8e35:0xd25e2a7dc01d6005!8m2!3d30.4473235!4d-97.6542989!16s%2Fg%2F1tht1vks!19sChIJNY59BlPORIYRBWAdwH0qXtI?authuser=0&hl=en&rclk=1","White Rock Veterinary Hospital","4.8","(1,121)","Veterinarian","·","","·","2509 W Pecan St","Closed","·","(512) 670-5400","https://whiterockvet.com/?utm_source=gmb&utm_medium=organic","","Website","","Directions","https://ssl.gstatic.com/local/servicebusiness/default_user.png","""The","· Opens 7 AM Mon"
"https://www.google.com/maps/place/Austin+Veterinary+Emergency+and+Specialty/data=!4m7!3m6!1s0x865b34bc6023bb79:0x9c4538ef072fb72!8m2!3d30.3743634!4d-97.7801029!16s%2Fg%2F11b6_n8q9s!19sChIJebsjYLw0W4YRcvty8I5TxAk?authuser=0&hl=en&rclk=1","Austin Veterinary Emergency and Specialty","4.4","(1,538)","Emergency veterinarian service","·","","·","7501 N Capital of Texas Hwy Building A","Open 24 hours","·","(512) 343-2837","https://www.austinvets.com/?y_source=1_MjkzNDQzMDktNzE1LWxvY2F0aW9uLndlYnNpdGU%3D","","Website","","Directions","https://ssl.gstatic.com/local/servicebusiness/default_user.png","""They literally saved my dog's life after a drowning accident.""",""
"https://www.google.com/maps/place/Forest+Creek+Animal+Hospital/data=!4m7!3m6!1s0x8644d007756a3d95:0xe500dd8d25e46e0e!8m2!3d30.5092134!4d-97.6368649!16s%2Fg%2F1tht1vl2!19sChIJlT1qdQfQRIYRDm7kJY3dAOU?authuser=0&hl=en&rclk=1","Forest Creek Animal Hospital","4.8","(1,246)","Veterinarian","·","","·","1200 S Kenney Fort Blvd","Closed","·","(512) 238-7387","https://forestcreekvet.com/?utm_source=gmb&utm_medium=organic","","Website","","Directions","https://ssl.gstatic.com/local/servicebusiness/default_user.png","""The doctor kept me well apprised of what was going on with my sick kitties.""","· Opens 7 AM Mon"
"https://www.google.com/maps/place/Thrive+Pet+Healthcare+-+Round+Rock/data=!4m7!3m6!1s0x8644ce2bf0d0bd2d:0x80cc85277568169d!8m2!3d30.4814797!4d-97.658474!16s%2Fg%2F11bxwjlmtd!19sChIJLb3Q8CvORIYRnRZodSeFzIA?authuser=0&hl=en&rclk=1","Thrive Pet Healthcare - Round Rock","4.2","(800)","Veterinarian","·","","·","603 Louis Henna Blvd B190","Closed","·","(512) 960-2671","https://www.thrivepetcare.com/locations/texas/round-rock/louis-henna/?utm_source=gmb&utm_medium=web","","Website","","Directions","https://ssl.gstatic.com/local/servicebusiness/default_user.png","""Appointment was easy to make and they were able to treat my fur baby.""","· Opens 8 AM Mon"
"https://www.google.com/maps/place/MedVet+Austin/data=!4m7!3m6!1s0x8644cfc0a21cacdf:0x45c08e54e349ade6!8m2!3d30.4033486!4d-97.6759212!16s%2Fg%2F11xsrw_wgm!19sChIJ36wcosDPRIYR5q1J41SOwEU?authuser=0&hl=en&rclk=1","MedVet Austin","4.5","(62)","Veterinarian","·","","·","12400 N Interstate Hwy 35 Building B","Open 24 hours","·","(737) 931-0345","https://www.medvet.com/location/austin/","","Website","","Directions","https://ssl.gstatic.com/local/servicebusiness/default_user.png","""Excellent care by the vet,techs and front desk.""",""
"https://www.google.com/maps/place/ZippiVet/data=!4m7!3m6!1s0x8644dbd539217553:0x55162de5dd858767!8m2!3d30.4971946!4d-97.5838756!16s%2Fg%2F11h4cqt784!19sChIJU3UhOdXbRIYRZ4eF3eUtFlU?authuser=0&hl=en&rclk=1","ZippiVet","4.7","(133)","Veterinarian","·","","·","21000 TX-130 Suite 110","Closed","·","(512) 596-3749","https://zippivethutto.com/","","Website","","Directions","https://ssl.gstatic.com/local/servicebusiness/default_user.png","""Reasonable pricing with knowledgeable and caring vets.""","· Opens 8 AM Mon"
"https://www.google.com/maps/place/VEG+ER+for+Pets/data=!4m7!3m6!1s0x8644cd46afe1c087:0xce39e5c00c42d9e3!8m2!3d30.3985156!4d-97.7472511!16s%2Fg%2F11v06m2y6b!19sChIJh8Dhr0bNRIYR49lCDMDlOc4?authuser=0&hl=en&rclk=1","VEG ER for Pets","4.8","(677)","Emergency veterinarian service","·","","·","10710 Research Blvd Suite 120","Open 24 hours","·","(737) 256-6607","https://www.veg.com/locations/texas/arboretum-austin?utm_source=organic_google&utm_medium=gbp_link&utm_campaign=locations_page&utm_content=arboretum-austin","","Website","","Directions","https://ssl.gstatic.com/local/servicebusiness/default_user.png","""We saw Dr paugh and she got my pup fixed up quickly (and cheaply!).""",""
"https://www.google.com/maps/place/Firehouse+Animal+Health+Center+Round+Rock/data=!4m7!3m6!1s0x8644ce2937dc73df:0x56aa00b44c0ca2ac!8m2!3d30.4817504!4d-97.6616229!16s%2Fg%2F11f1nwvc84!19sChIJ33PcNynORIYRrKIMTLQAqlY?authuser=0&hl=en&rclk=1","Firehouse Animal Health Center Round Rock","4.8","(747)","Veterinarian","·","","·","541 Louis Henna Blvd #100","Closed","·","(512) 310-7387","https://firehouseroundrock.com/","","Website","","Directions","https://ssl.gstatic.com/local/servicebusiness/default_user.png","""Dr. Betsy Garza, the","· Opens 7:30 AM Mon"
"https://www.google.com/maps/place/ASAP+Vet:+Veterinary+Urgent+Care/data=!4m7!3m6!1s0x8644cf7c7c1f1a69:0x8c841491bdcdabd2!8m2!3d30.4045288!4d-97.6759707!16s%2Fg%2F11khsfqbkn!19sChIJaRoffHzPRIYR0qvNvZEUhIw?authuser=0&hl=en&rclk=1","ASAP Vet: Veterinary Urgent Care","4.9","(771)","Emergency veterinarian service","·","","·","12400 N Interstate Hwy 35 Suite A141","Closed","·","(737) 707-2727","https://asapvetatx.com/","","Website","","Directions","https://ssl.gstatic.com/local/servicebusiness/default_user.png","""I left feeling reassured knowing my pet was in such good hands.""","· Opens 12 PM Mon"
"https://www.google.com/maps/place/Banfield+Pet+Hospital/data=!4m7!3m6!1s0x8644dacf177a6167:0x89ed370eae237b9e!8m2!3d30.5041717!4d-97.5818981!16s%2Fg%2F11d_tygv39!19sChIJZ2F6F8_aRIYRnnsjrg437Yk?authuser=0&hl=en&rclk=1","Banfield Pet Hospital","3.9","(191)","Veterinarian","·","","·","5004 Gattis School Rd Ste 280","Closed","·","(512) 252-8491","https://www.banfield.com/locations/veterinarians/tx/hutto/hto?utm_source=yext&utm_medium=yext&utm_campaign=yext&cid=yext_local","","Website","","Directions","https://ssl.gstatic.com/local/servicebusiness/default_user.png","""Took my dog in today and was able to drop off without worries""","· Opens 8 AM Mon"
"https://www.google.com/maps/place/Emancipet/data=!4m7!3m6!1s0x8644cfa92e65cde3:0xb3eca94ff4d36441!8m2!3d30.4474221!4d-97.6473856!16s%2Fg%2F1ptxfbqg1!19sChIJ481lLqnPRIYRQWTT9E-p7LM?authuser=0&hl=en&rclk=1","Emancipet","4.5","(1,502)","Veterinarian","·","","·","15803 Windermere Dr #420","Closed","·","(512) 587-7729","https://emancipet.org/clinics/windermere-drive/","","Website","","Directions","https://ssl.gstatic.com/local/servicebusiness/default_user.png","""The staff is professional, kind, and genuinely cares about animals.""","· Opens 10 AM Mon"
"https://www.google.com/maps/place/Animal+Care+Clinic/data=!4m7!3m6!1s0x8644d1e78513df7b:0xb359233d9a913e24!8m2!3d30.5276634!4d-97.6888972!16s%2Fg%2F1tftrg__!19sChIJe98ThefRRIYRJD6Rmj0jWbM?authuser=0&hl=en&rclk=1","Animal Care Clinic","4.7","(566)","Veterinarian","·","","·","2000 N Mays St STE 112","Closed","·","(512) 388-2222","https://www.thrivepetcare.com/locations/texas/round-rock/animal-care-clinic?utm_source=google&utm_medium=gmb","","Website","","Directions","https://ssl.gstatic.com/local/servicebusiness/default_user.png","""She went out of her way to take care of my cat and saved her life.""","· Opens 7:30 AM Mon"
"https://www.google.com/maps/place/FM+685+Animal+Hospital/data=!4m7!3m6!1s0x8644db030f97049d:0xbaf0e31474735d5e!8m2!3d30.5292216!4d-97.5646318!16s%2Fg%2F11h1424v3!19sChIJnQSXDwPbRIYRXl1zdBTj8Lo?authuser=0&hl=en&rclk=1","FM 685 Animal Hospital","4.4","(499)","Animal hospital","·","","·","695 Chris Kelley Blvd","Closed","·","(512) 846-1901","http://www.fm685animalhospital.com/","","Website","","Directions","https://ssl.gstatic.com/local/servicebusiness/default_user.png","""Dr. Little was very caring and professional and assessed Coco’s condition.""","· Opens 7 AM Mon"
"https://www.google.com/maps/place/Highway+79+Animal+Clinic/data=!4m7!3m6!1s0x8644d1bb7b7d8f55:0xa72e57323d03cd0f!8m2!3d30.518724!4d-97.6668919!16s%2Fg%2F1tqpzn3j!19sChIJVY99e7vRRIYRD80DPTJXLqc?authuser=0&hl=en&rclk=1","Highway 79 Animal Clinic","4.7","(99)","Veterinarian","·","","·","1220 E Palm Valley Blvd","Closed","·","(512) 388-2998","http://www.hwy79ac.com/","","Website","","Directions","https://ssl.gstatic.com/local/servicebusiness/default_user.png","""Dr. Kniffin's office were able to squeeze us in on a Friday after.""","· Opens 7 AM Mon"
"https://www.google.com/maps/place/Daylily+Animal+Hospital/data=!4m7!3m6!1s0x8644dbc374ea7311:0x3c68e326a262ffa2!8m2!3d30.5207155!4d-97.569552!16s%2Fg%2F11kn4qj5h1!19sChIJEXPqdMPbRIYRov9ioibjaDw?authuser=0&hl=en&rclk=1","Daylily Animal Hospital","4.7","(670)","Veterinarian","·","","·","1401 Chris Kelley Blvd","Closed","·","(512) 601-6121","https://daylilyvet.com/?utm_source=gmb&utm_medium=organic","","Website","","Directions","https://ssl.gstatic.com/local/servicebusiness/default_user.png","""The vets and staff are really friendly, knowledgeable, and compassionate""","· Opens 7 AM Mon"
"https://www.google.com/maps/place/Crestview+Veterinary+Clinic+at+Tech+Ridge/data=!4m7!3m6!1s0x8644cfea108ec17b:0x50623ee959808b80!8m2!3d30.4045932!4d-97.6732696!16s%2Fg%2F11jzd978tq!19sChIJe8GOEOrPRIYRgIuAWek-YlA?authuser=0&hl=en&rclk=1","Crestview Veterinary Clinic at Tech Ridge","4.9","(219)","Veterinarian","·","","·","500 W Canyon Ridge Dr ste f 306","Closed","·","(512) 572-6777","https://crestviewveterinaryclinictechridge.com/?utm_source=gmb&utm_medium=organic","","Website","","Directions","https://ssl.gstatic.com/local/servicebusiness/default_user.png","""Great place, very clean, and staff and vet were very professional.""","· Opens 7:30 AM Mon"
"https://www.google.com/maps/place/Tech+Ridge+Pet+Hospital/data=!4m7!3m6!1s0x8644ced428a7771b:0x69c44842ba8a00b0!8m2!3d30.4007225!4d-97.6578751!16s%2Fg%2F1tdb4p54!19sChIJG3enKNTORIYRsACKukJIxGk?authuser=0&hl=en&rclk=1","Tech Ridge Pet Hospital","4.7","(312)","Veterinarian","·","","·","12601 Tech Ridge Blvd #400","Closed","·","(512) 837-7493","http://techridgevet.com/","","Website","","Directions","https://ssl.gstatic.com/local/servicebusiness/default_user.png","""they were able to get my pet in and taken care of fast and efficiently.""","· Opens 8 AM Mon"
"https://www.google.com/maps/place/Veterinary+Dental+Specialties+%26+Oral+Surgery/data=!4m7!3m6!1s0x8644c51c1c1f2b39:0xdd2555b7b2eafa21!8m2!3d30.441254!4d-97.6097623!16s%2Fg%2F11vq2jgglr!19sChIJOSsfHBzFRIYRIfrqsrdVJd0?authuser=0&hl=en&rclk=1","Veterinary Dental Specialties & Oral Surgery","4.8","(29)","Veterinarian","·","","·","701 FM 685 #300","Closed","·","(737) 301-3671","https://www.vdspets.com/location/austin/","","Website","","Directions","https://ssl.gstatic.com/local/servicebusiness/default_user.png","""They made us feel at peace, knowing our Baby Buddha was in good hands.""","· Opens 8:30 AM Tue"
"https://www.google.com/maps/place/North+Lamar+Veterinary+Clinic/data=!4m7!3m6!1s0x8644c95b644e24d1:0x5916b5863a9f2619!8m2!3d30.3781176!4d-97.6889232!16s%2Fg%2F1hc3bqqlj!19sChIJ0SROZFvJRIYRGSafOoa1Flk?authuser=0&hl=en&rclk=1","North Lamar Veterinary Clinic","4.9","(2,372)","Veterinarian","·","","·","10828 N Lamar Blvd","Closed","· Opens 7:30 AM Mon","(512) 836-2888","","","Directions","","","https://ssl.gstatic.com/local/servicebusiness/default_user.png","""Dr. Spellman was direct, reassuring, and treated my large dog really well.""","·"
"https://www.google.com/maps/place/Round+Rock+Animal+Hospital/data=!4m7!3m6!1s0x8644d1ef4e2a369b:0x25c0a92c051ed83b!8m2!3d30.4926057!4d-97.6944213!16s%2Fg%2F1v_z4qkw!19sChIJmzYqTu_RRIYRO9geBSypwCU?authuser=0&hl=en&rclk=1","Round Rock Animal Hospital","4.8","(421)","Veterinarian","·","","·","1250 E McNeil Rd","Closed","·","(512) 255-6232","https://roundrockvet.com/","","Website","","Directions","https://ssl.gstatic.com/local/servicebusiness/default_user.png","""The appointment was scheduled in about a day and my dog seen fast.""","· Opens 7 AM Mon"
"https://www.google.com/maps/place/Dogwood+Animal+Clinic/data=!4m7!3m6!1s0x8644d13634f50c31:0xe58f09a675c1a6b6!8m2!3d30.530248!4d-97.6883501!16s%2Fg%2F11fk1sm8vp!19sChIJMQz1NDbRRIYRtqbBdaYJj-U?authuser=0&hl=en&rclk=1","Dogwood Animal Clinic","4.7","(365)","Veterinarian","·","","·","2019 N Mays St","Closed","·","(512) 255-2547","http://dogwoodatxclinic.com/","","Website","","Directions","https://ssl.gstatic.com/local/servicebusiness/default_user.png","""They cared for two of my pups with unmatched dedication and compassion.""","· Opens 8:30 AM Mon"
"https://www.google.com/maps/place/Hutto+Veterinary+Clinic/data=!4m7!3m6!1s0x8644dba78c8e4af1:0xc98d3c2b02bd5e8f!8m2!3d30.539261!4d-97.5557417!16s%2Fg%2F1tcw3_z5!19sChIJ8UqOjKfbRIYRj169Ais8jck?authuser=0&hl=en&rclk=1","Hutto Veterinary Clinic","4.7","(347)","Veterinarian","·","","·","665 W Front St","Closed","·","(512) 759-1048","https://huttovetclinic.com/","","Website","","Directions","https://ssl.gstatic.com/local/servicebusiness/default_user.png","""The attention and care for my cats was excellent""","· Opens 7 AM Mon"
"https://www.google.com/maps/place/Great+Oaks+Animal+Hospital/data=!4m7!3m6!1s0x8644d26e26b8c2f9:0xada8d8d628f2ba02!8m2!3d30.4948264!4d-97.72734!16s%2Fg%2F1tdkh0xw!19sChIJ-cK4Jm7SRIYRArryKNbYqK0?authuser=0&hl=en&rclk=1","Great Oaks Animal Hospital","4.8","(876)","Veterinarian","·","","·","15950 S Great Oaks Dr","Closed","·","(512) 388-4551","https://www.greatoaksvet.net/?utm_source=gmb&utm_medium=organic&y_source=1_MTE2Njg2MTktNzE1LWxvY2F0aW9uLndlYnNpdGU%3D","","Website","","Directions","https://ssl.gstatic.com/local/servicebusiness/default_user.png","""I was amazed they were able to see my dog within 20 minutes.""","· Opens 6:30 AM Mon"
"https://www.google.com/maps/place/Dessau+Veterinary+Clinic/data=!4m7!3m6!1s0x8644c8d113cac439:0xfa5408967d0788aa!8m2!3d30.3883498!4d-97.6472456!16s%2Fg%2F1tfzmqxz!19sChIJOcTKE9HIRIYRqogHfZYIVPo?authuser=0&hl=en&rclk=1","Dessau Veterinary Clinic","4.7","(344)","Veterinarian","·","","·","12315 Dessau Rd","Closed","·","(512) 339-3177","http://www.dessauvetclinic.com/","","Website","","Directions","https://ssl.gstatic.com/local/servicebusiness/default_user.png","""They took great care of my cats and dog""","· Opens 7 AM Mon"
"https://www.google.com/maps/place/Central+Texas+Veterinary+Speciality+and+Emergency+Hospital/data=!4m7!3m6!1s0x865b4b375e9484d3:0x5b73141431c7ac4f!8m2!3d30.2314673!4d-97.7956045!16s%2Fg%2F1tpn2_4_!19sChIJ04SUXjdLW4YRT6zHMRQUc1s?authuser=0&hl=en&rclk=1","Central Texas Veterinary Speciality and Emergency Hospital","4.0","(1,409)","Veterinarian","·","","·","4434 Frontier Trail","Open 24 hours","·","(512) 892-9038","https://www.ctvsh.com/locations/austin","","Website","","Directions","https://ssl.gstatic.com/local/servicebusiness/default_user.png","""Amazing staff - they have now saved the lives of two of our family’s dogs.""",""
"https://www.google.com/maps/place/Paw+Haven+Animal+Hospital/data=!4m7!3m6!1s0x8644db0b91a5ce21:0x65aaae6f8500abb6!8m2!3d30.5487291!4d-97.5617231!16s%2Fg%2F11txlm1w51!19sChIJIc6lkQvbRIYRtqsAhW-uqmU?authuser=0&hl=en&rclk=1","Paw Haven Animal Hospital","4.9","(162)","Veterinarian","·","","·","531 Ed Schmidt Blvd Suite #140","Closed","·","(512) 772-2887","http://pawhavenhutto.com/","","Website","","Directions","https://ssl.gstatic.com/local/servicebusiness/default_user.png","""Dr. B and her staff are very good and knowledgeable with animals.""","· Opens 8:30 AM Mon"
"https://www.google.com/maps/place/Emerald+Veterinary+Service/data=!4m7!3m6!1s0x8644d250d26f5609:0x81010f9d4eb2d3!8m2!3d30.5198231!4d-97.6843404!16s%2Fg%2F11ckvtvsds!19sChIJCVZv0lDSRIYR07JOnQ8BgQA?authuser=0&hl=en&rclk=1","Emerald Veterinary Service","4.8","(118)","Veterinarian","·","","·","1250 N Mays St","Closed","","","http://emerald-vet.com/","","Website","","Directions","https://ssl.gstatic.com/local/servicebusiness/default_user.png","""Genuine care for pets with attention to making visits easy and calming.""","· Opens 8:30 AM Mon"
"https://www.google.com/maps/place/Animal+Wellness+Hospital/data=!4m7!3m6!1s0x8644c332925668bb:0x49e5c6eb290d327e!8m2!3d30.4951643!4d-97.4931061!16s%2Fg%2F1tmqglqp!19sChIJu2hWkjLDRIYRfjINKevG5Uk?authuser=0&hl=en&rclk=1","Animal Wellness Hospital","4.5","(121)","Animal hospital","·","","·","4213 FM3349","Closed","· Opens 8 AM Mon","(512) 695-1398","","","Directions","","","https://ssl.gstatic.com/local/servicebusiness/default_user.png","""Dr. Boehm is kind, thorough and genuinely cares about animals and people.""","·"
"https://www.google.com/maps/place/Wells+Branch+Pet+%26+Bird+Clinic/data=!4m7!3m6!1s0x8644cc180e892d81:0x2c395dfaba17ab03!8m2!3d30.4148414!4d-97.7079423!16s%2Fg%2F1tdxl7_g!19sChIJgS2JDhjMRIYRA6sXuvpdOSw?authuser=0&hl=en&rclk=1","Wells Branch Pet & Bird Clinic","3.9","(397)","Veterinarian","·","","·","12202 N Mopac Expy","Closed","·","(512) 339-8472","http://www.petandbirdclinic.com/","","Website","","Directions","https://ssl.gstatic.com/local/servicebusiness/default_user.png","""Nice vet-- really cares about animals.""","· Opens 7 AM Mon"
"https://www.google.com/maps/place/Sunbury+Veterinary+Clinic/data=!4m7!3m6!1s0x8644cc218e77b84d:0x2d1ff901db211685!8m2!3d30.4171053!4d-97.7035963!16s%2Fg%2F1td38mtc!19sChIJTbh3jiHMRIYRhRYh2wH5Hy0?authuser=0&hl=en&rclk=1","Sunbury Veterinary Clinic","4.8","(552)","Veterinarian","·","","·","12407 N Mopac Expy #400-B","Closed","·","(512) 255-8387","https://sunburyvet.com/?fbclid=IwAR0gUwAkpu_WAUkaAXQk95B3WW8-qOXlHYh2VAGbnL7CXnPXgNKU3PBbJLc","","Website","","Directions","https://ssl.gstatic.com/local/servicebusiness/default_user.png","""They care deeply about animals and know their stuff.""","· Opens 7 AM Mon"
"https://www.google.com/maps/place/Pet+Specialists+of+Austin/data=!4m7!3m6!1s0x8644cbba69c4a711:0x96d3b9848dbc68f1!8m2!3d30.3043189!4d-97.7367052!16s%2Fg%2F11qpt1s41m!19sChIJEafEabrLRIYR8Wi8jYS505Y?authuser=0&hl=en&rclk=1","Pet Specialists of Austin","4.0","(492)","Emergency veterinarian service","·","","·","3901 Guadalupe St","Open 24 hours","·","(737) 241-5756","https://www.thrivepetcare.com/locations/texas/austin/pet-specialists-of-austin?utm_source=google&utm_medium=gmb","","Website","","Directions","https://ssl.gstatic.com/local/servicebusiness/default_user.png","""Dr. Sabina Sheppard was so informative about options for my dog.""",""
"https://www.google.com/maps/place/Manor+Veterinary+Hospital/data=!4m7!3m6!1s0x8644c7259f44016f:0x3f73824e1291b60a!8m2!3d30.3482668!4d-97.5533716!16s%2Fg%2F1tcvc8lv!19sChIJbwFEnyXHRIYRCraREk6Ccz8?authuser=0&hl=en&rclk=1","Manor Veterinary Hospital","4.4","(260)","Veterinarian","·","","·","11311 US-290","Closed","·","(512) 272-4151","http://www.manorveterinaryhospital.com/","","Website","","Directions","https://ssl.gstatic.com/local/servicebusiness/default_user.png","""Treated me and my dog with kindness and listened to my concerns.""","· Opens 7 AM Mon"
"https://www.google.com/maps/place/Forest+Creek+Animal+Hospital:+Labry+Lisa+DVM/data=!4m7!3m6!1s0x8644d007756a3d95:0xe8d91e2514814523!8m2!3d30.4983209!4d-97.6127552!16s%2Fg%2F1tjtjntj!19sChIJlT1qdQfQRIYRI0WBFCUe2eg?authuser=0&hl=en&rclk=1","Forest Creek Animal Hospital: Labry Lisa DVM","4.6","(9)","Animal hospital","·","","·","2715 Red Bud Ln","Closed","·","(512) 238-7387","https://www.forestcreekvet.com/","","Website","","Directions","https://ssl.gstatic.com/local/servicebusiness/default_user.png","""They are so welcoming and very caring to our animals!""","· Opens 7 AM Mon"
"https://www.google.com/maps/place/Brushy+Creek+Veterinary+Clinic/data=!4m7!3m6!1s0x8644d27f6e24bed1:0x9d0de78d002fa5bf!8m2!3d30.4832365!4d-97.7379469!16s%2Fg%2F1tjxg18f!19sChIJ0b4kbn_SRIYRv6UvAI3nDZ0?authuser=0&hl=en&rclk=1","Brushy Creek Veterinary Clinic","4.7","(215)","Veterinarian","·","","·","15405 N FM 620","Closed","·","(512) 255-9725","http://www.brushycreekvetclinic.com/","","Website","","Directions","https://ssl.gstatic.com/local/servicebusiness/default_user.png","""The entire staff is super friendly and takes great care of our pets!""","· Opens 7 AM Mon"
"https://www.google.com/maps/place/Banfield+Pet+Hospital/data=!4m7!3m6!1s0x8644d199570b018f:0x24355f210508985d!8m2!3d30.5187412!4d-97.6608338!16s%2Fg%2F11f5t3vn2_!19sChIJjwELV5nRRIYRXZgIBSFfNSQ?authuser=0&hl=en&rclk=1","Banfield Pet Hospital","3.9","(194)","Veterinarian","·","","·","1700 E Palm Valley Blvd Ste 370","Closed","·","(512) 218-5080","https://www.banfield.com/locations/veterinarians/tx/round-rock/rhp?utm_source=yext&utm_medium=yext&utm_campaign=yext&cid=yext_local","","Website","","Directions","https://ssl.gstatic.com/local/servicebusiness/default_user.png","""Reasonably priced, compassionate and caring staff from top to bottom.""","· Opens 7 AM Mon"
"https://www.google.com/maps/place/Animal+Dermatology+Clinic/data=!4m7!3m6!1s0x8644d198cd90acb1:0x942746fc931b0bca!8m2!3d30.5091398!4d-97.689201!16s%2Fg%2F11qc19dz6r!19sChIJsayQzZjRRIYRygsbk_xGJ5Q?authuser=0&hl=en&rclk=1","Animal Dermatology Clinic","4.1","(15)","Veterinarian","·","","·","301 Chisholm Trail Rd","","","(512) 334-3400","https://www.animaldermatology.com/locations/round-rock","","Website","","Directions","https://ssl.gstatic.com/local/servicebusiness/default_user.png","""Amanda has literally changed our dog’s life and in turn, ours.""",""
"https://www.google.com/maps/place/PetSmart+Veterinary+Services+-+North+Round+Rock/data=!4m7!3m6!1s0x8644d1b50e11a8bd:0x999b73dd5c92dcfe!8m2!3d30.5569841!4d-97.6871489!16s%2Fg%2F11w7lmht4_!19sChIJvagRDrXRRIYR_tySXN1zm5k?authuser=0&hl=en&rclk=1","PetSmart Veterinary Services - North Round Rock","4.9","(57)","Veterinarian","·","","·","201 University Oaks Blvd","Closed","·","(737) 284-2161","https://pvshospitals.com/tx/round-rock/north-round-rock-1772?utm_source=google&utm_medium=organic&utm_campaign=google-my-business","","Website","","Directions","https://ssl.gstatic.com/local/servicebusiness/default_user.png","""Dr. Myers is amazing she takes amazing care of my pit Joseph!""","· Opens 9 AM Wed"
"https://www.google.com/maps/place/Vista+Vet+-+Animal+Hospital+%26+Pet+Lodge/data=!4m7!3m6!1s0x8644d15c10e0852f:0xb06798bdb8d24085!8m2!3d30.5742051!4d-97.6516849!16s%2Fg%2F11h465g049!19sChIJL4XgEFzRRIYRhUDSuL2YZ7A?authuser=0&hl=en&rclk=1","Vista Vet - Animal Hospital & Pet Lodge","4.4","(229)","Veterinarian","·","","·","5120 N A W Grimes Blvd","Closed","·","(512) 807-9102","https://vistapetvet.com/","","Website","","Directions","https://ssl.gstatic.com/local/servicebusiness/default_user.png","""Dr Lanier was great and took excellent care of my three crazy cats.""","· Opens 7 AM Mon"
"https://www.google.com/maps/place/Animal+Medical+Center+of+Austin/data=!4m7!3m6!1s0x8644c9910a24a1b5:0xd1600d3a564fc403!8m2!3d30.3326331!4d-97.684641!16s%2Fg%2F1v2yz7q0!19sChIJtaEkCpHJRIYRA8RPVjoNYNE?authuser=0&hl=en&rclk=1","Animal Medical Center of Austin","4.7","(389)","Veterinarian","·","","·","1536 E Anderson Ln","Closed","·","(512) 832-4119","https://austinanimed.com/?utm_source=google&utm_medium=organic&utm_campaign=google_business_profile","","Website","","Directions","https://ssl.gstatic.com/local/servicebusiness/default_user.png","""They gave my dog superior treatment and customer service.""","· Opens 7:30 AM Mon"
"https://www.google.com/maps/place/Austin+Vet+Care+at+Metric,+A+Thrive+Pet+Healthcare+Partner/data=!4m7!3m6!1s0x8644cea3ed65cef9:0xd230118cb2c1131d!8m2!3d30.4113445!4d-97.6916084!16s%2Fg%2F1tdnfn9x!19sChIJ-c5l7aPORIYRHRPBsowRMNI?authuser=0&hl=en&rclk=1","Austin Vet Care at Metric, A Thrive Pet Healthcare Partner","4.5","(183)","Veterinarian","·","","·","12419 Metric Blvd","Closed","·","(512) 832-1088","https://www.thrivepetcare.com/locations/texas/austin/austin-vet-care-metric?utm_source=google&utm_medium=gmb","","Website","","Directions","https://ssl.gstatic.com/local/servicebusiness/default_user.png","""I always leave feeling confident about the quality of care my cats received.""","· Opens 7 AM Mon"
"https://www.google.com/maps/place/Northwest+Austin+Veterinary+Center/data=!4m7!3m6!1s0x8644ccef6edbde97:0x7f7ee753316b7c65!8m2!3d30.4226822!4d-97.7568868!16s%2Fg%2F1tp2_s6f!19sChIJl97bbu_MRIYRZXxrMVPnfn8?authuser=0&hl=en&rclk=1","Northwest Austin Veterinary Center","4.7","(456)","Veterinarian","·","","·","11846 Jollyville Rd","Closed","·","(512) 250-8048","https://nwaustinveterinarycenter.com/","","Website","","Directions","https://ssl.gstatic.com/local/servicebusiness/default_user.png","""Dr. Weaver took time to explain my cats' issues and continued health care.""","· Opens 7 AM Mon"
"https://www.google.com/maps/place/Petco/data=!4m7!3m6!1s0x8644c5438b1ab887:0xb3cd5472af65e8a2!8m2!3d30.4725383!4d-97.5968538!16s%2Fg%2F1vqth554!19sChIJh7gai0PFRIYRouhlr3JUzbM?authuser=0&hl=en&rclk=1","Petco","4.1","(1,201)","Pet store","·","","·","19000 Limestone Commercial Dr #400","Closed","Retailer dedicated to pet supplies","(512) 252-3677","https://stores.petco.com/tx/pflugerville/pet-supplies-pflugerville-tx-1498.html?utm_source=google&utm_campaign=locallist_1498_pcc","","Website","","Directions","https://ssl.gstatic.com/local/servicebusiness/default_user.png","""They always take care of my dog like she was their own and are very helpful.""","· Opens 8:30 AM Mon"
"https://www.google.com/maps/place/CityVet+Veterinary+Clinic+%26+Urgent+Care/data=!4m7!3m6!1s0x8644d300c2861ff1:0xb724122321996579!8m2!3d30.498862!4d-97.7225335!16s%2Fg%2F11w8z2wqqr!19sChIJ8R-GwgDTRIYReWWZISMSJLc?authuser=0&hl=en&rclk=1","CityVet Veterinary Clinic & Urgent Care","4.9","(192)","Veterinarian","·","","·","7401 O'Connor Dr","Closed","·","(512) 774-3911","https://www.cityvet.com/brushy-creek/?utm_source=yext&utm_medium=organic&utm_campaign=brushy-creek","","Website","","Directions","https://ssl.gstatic.com/local/servicebusiness/default_user.png","""I was able to have amazing care for my pet, and a more than reasonable cost.""","· Opens 7:30 AM Mon"
"https://www.google.com/maps/place/Emancipet/data=!4m7!3m6!1s0x8644ca057fa66a23:0x6c63ab724978ca28!8m2!3d30.3405138!4d-97.6926311!16s%2Fg%2F1tf24grj!19sChIJI2qmfwXKRIYRKMp4SXKrY2w?authuser=0&hl=en&rclk=1","Emancipet","4.7","(1,818)","Veterinarian","·","","·","1030 Norwood Park Blvd Suite 316","Closed","·","(512) 587-7729","https://emancipet.org/clinics/norwood-park/","","Website","","Directions","https://ssl.gstatic.com/local/servicebusiness/default_user.png","""Long wait but th vet was friendly,knowledgeable and professional.""","· Opens 10 AM Mon"
"https://www.google.com/maps/place/Georgetown+Veterinary+Hospital/data=!4m7!3m6!1s0x8644d68bb081cc3b:0xb41bd23967cd2585!8m2!3d30.6195516!4d-97.6800445!16s%2Fg%2F1tfb6z43!19sChIJO8yBsIvWRIYRhSXNZznSG7Q?authuser=0&hl=en&rclk=1","Georgetown Veterinary Hospital","4.8","(1,549)","Veterinarian","·","","·","2707 S Austin Ave","Closed","·","(512) 863-3563","https://gtvet.com/?utm_source=gmb&utm_medium=organic","","Website","","Directions","https://ssl.gstatic.com/local/servicebusiness/default_user.png","""The","· Opens 7:30 AM Mon"
"https://www.google.com/maps/place/Crestview+Veterinary+Clinic/data=!4m7!3m6!1s0x8644cbac339aaaab:0x40a51bb9f436efbc!8m2!3d30.3499169!4d-97.7342103!16s%2Fg%2F11f50x4hxl!19sChIJq6qaM6zLRIYRvO829LkbpUA?authuser=0&hl=en&rclk=1","Crestview Veterinary Clinic","4.9","(791)","Veterinarian","·","","·","7415 Burnet Rd","Closed","·","(512) 535-2100","https://crestviewvc.com/?utm_source=gmb&utm_medium=organic","","Website","","Directions","https://ssl.gstatic.com/local/servicebusiness/default_user.png","""Dr. B was so nice, answered all our questions, fixed our broken dog!""","· Opens 7:30 AM Mon"
"https://www.google.com/maps/place/Sam+Bass+Veterinary+Wellness/data=!4m7!3m6!1s0x8644d36833570117:0x6600535d657972d5!8m2!3d30.5123974!4d-97.7053399!16s%2Fg%2F11g0vzslxk!19sChIJFwFXM2jTRIYR1XJ5ZV1TAGY?authuser=0&hl=en&rclk=1","Sam Bass Veterinary Wellness","4.7","(412)","Veterinarian","·","","·","1800 Round Rock Ave #100","Closed","·","(512) 388-1299","https://sambassvet.com/?utm_source=gmb&utm_medium=organic","","Website","","Directions","https://ssl.gstatic.com/local/servicebusiness/default_user.png","""Excellent vet - personable, thorough, informative, available for updates.""","· Opens 8 AM Mon"
"https://www.google.com/maps/place/Banfield+Pet+Hospital/data=!4m7!3m6!1s0x8644ce20ce9e7d03:0x731334b2c74db578!8m2!3d30.4845102!4d-97.6707654!16s%2Fg%2F1thxwm4c!19sChIJA32eziDORIYReLVNx7I0E3M?authuser=0&hl=en&rclk=1","Banfield Pet Hospital","3.6","(222)","Veterinarian","·","","2601 I-35 Ste E100","","Closed","·","(512) 238-7116","https://www.banfield.com/locations/veterinarians/tx/round-rock/rou?utm_source=yext&utm_medium=yext&utm_campaign=yext&cid=yext_local","","Website","","Directions","https://ssl.gstatic.com/local/servicebusiness/default_user.png","""They communicate well and take great care of my furry friends.""","· Opens 8 AM Mon"
"https://www.google.com/maps/place/Best+Vet/data=!4m7!3m6!1s0x8644cd39c7efa0df:0xa17bdc5e3378daec!8m2!3d30.4538953!4d-97.7727135!16s%2Fg%2F1v_s687d!19sChIJ36DvxznNRIYR7Np4M17ce6E?authuser=0&hl=en&rclk=1","Best Vet","4.7","(536)","Veterinarian","·","","·","8863 Anderson Mill Rd #105","Closed","·","(512) 336-9663","http://www.bestvetaustin.com/","","Website","","Directions","https://ssl.gstatic.com/local/servicebusiness/default_user.png","""They are knowledgeable, friendly,  and take great care of our furbabies.""","· Opens 9 AM Tue"
"https://www.google.com/maps/place/Banfield+Pet+Hospital/data=!4m7!3m6!1s0x8644cec1efb72b39:0x8a7e380eb9009502!8m2!3d30.4133399!4d-97.67056!16s%2Fg%2F1thd71r0!19sChIJOSu378HORIYRApUAuQ44foo?authuser=0&hl=en&rclk=1","Banfield Pet Hospital","3.8","(171)","Veterinarian","·","","12901 N Interstate Hwy 35 Bldg 7 Ste 700","","Closed","·","(512) 252-7070","https://www.banfield.com/locations/veterinarians/tx/austin/nea?utm_source=yext&utm_medium=yext&utm_campaign=yext&cid=yext_local","","Website","","Directions","https://ssl.gstatic.com/local/servicebusiness/default_user.png","""They took exceptional care of my cat, even though her condition was dire.""","· Opens 8 AM Mon"
"https://www.google.com/maps/place/Central+Texas+Cat+Hospital+-+MERGED+W%2F+SAM+BASS+VETERINARY+WELLNESS/data=!4m7!3m6!1s0x8644d23239346367:0xb4388b2815c19932!8m2!3d30.5123596!4d-97.7054748!16s%2Fg%2F1tdy4w1_!19sChIJZ2M0OTLSRIYRMpnBFSiLOLQ?authuser=0&hl=en&rclk=1","Central Texas Cat Hospital - MERGED W/ SAM BASS VETERINARY WELLNESS","4.6","(139)","Veterinarian","·","","·","1800 Round Rock Ave #100","Closed","·","(512) 388-1299","http://www.centraltexascathospital.com/","","Website","","Directions","https://ssl.gstatic.com/local/servicebusiness/default_user.png","""Prompt, kind, and and focused on pet care.""","· Opens 8 AM Mon"
"https://www.google.com/maps/place/Shaffer+David+DVM/data=!4m7!3m6!1s0x8644d007756a3d95:0xef07c02d672329b3!8m2!3d30.4982839!4d-97.6128429!16s%2Fg%2F1tg6w2b5!19sChIJlT1qdQfQRIYRsykjZy3AB-8?authuser=0&hl=en&rclk=1","Shaffer David DVM","4.9","(7)","Veterinarian","·","","·","2715 Red Bud Ln","Closed","·","(512) 238-7387","https://www.forestcreekvet.com/","","Website","","Directions","","","· Opens 7 AM Mon"
"https://www.google.com/maps/place/Austin+Pet+%26+Exotic+Hospital/data=!4m7!3m6!1s0x8644ccf416319e4f:0x7e108f957d868c7!8m2!3d30.3330264!4d-97.7404529!16s%2Fg%2F1tgwb90p!19sChIJT54xFvTMRIYRx2jYV_kI4Qc?authuser=0&hl=en&rclk=1","Austin Pet & Exotic Hospital","4.5","(482)","Veterinarian","·","","·","5712 Burnet Rd","Closed","·","(512) 258-2577","https://www.thrivepetcare.com/locations/texas/austin/research-boulevard-pet-bird-hospital?utm_source=google&utm_medium=gmb","","Website","","Directions","https://ssl.gstatic.com/local/servicebusiness/default_user.png","""Dr. Skellenger was incredibly kind and gentle with my kitten.""","· Opens 8 AM Mon"
"https://www.google.com/maps/place/Northwest+Veterinary+Hospital/data=!4m7!3m6!1s0x8644cadff10c7fef:0x6fc62a98fdbf9d98!8m2!3d30.3429926!4d-97.7642103!16s%2Fg%2F1tdy9g6h!19sChIJ738M8d_KRIYRmJ2__Zgqxm8?authuser=0&hl=en&rclk=1","Northwest Veterinary Hospital","4.8","(325)","Veterinarian","·","","·","3817 Dry Creek Dr","Closed","·","(512) 453-7776","http://nwvhaustin.com/","","Website","","Directions","https://ssl.gstatic.com/local/servicebusiness/default_user.png","""Reasonable, transparent, knowledgeable and handled cats with care.""","· Opens 7:30 AM Mon"
"https://www.google.com/maps/place/Barks+A+Lot+Pet+Resort/data=!4m7!3m6!1s0x8644dab40ab81491:0xd428587bbb9c2c41!8m2!3d30.4951425!4d-97.5950936!16s%2Fg%2F11bw470j0d!19sChIJkRS4CrTaRIYRQSycu3tYKNQ?authuser=0&hl=en&rclk=1","Barks A Lot Pet Resort","3.7","(87)","Dog day care center","·","","·","4251 Gattis School Rd","Closed","·","(512) 670-2400","http://www.barksalotpetresort.com/","","Website","","Directions","https://ssl.gstatic.com/local/servicebusiness/default_user.png","""Beverly and her staff, provide excellent care for your cherished pet.""","· Opens 7 AM Mon"
"https://www.google.com/maps/place/City+Limits+Vet+Clinic/data=!4m7!3m6!1s0x8644cd444e4723e3:0x95e62df9bd51e660!8m2!3d30.4694421!4d-97.7629632!16s%2Fg%2F11j36qtz4s!19sChIJ4yNHTkTNRIYRYOZRvfkt5pU?authuser=0&hl=en&rclk=1","City Limits Vet Clinic","4.9","(295)","Veterinarian","·","","·","8715 W Parmer Ln Building 2 Suite 110","Closed","·","(512) 686-2888","https://www.citylimitsvetclinic.com/","","Website","","Directions","https://ssl.gstatic.com/local/servicebusiness/default_user.png","""Both vets are extremely knowledgeable and compassionate.""","· Opens 7 AM Mon"
"https://www.google.com/maps/place/Sage+Veterinary+Imaging+-+Round+Rock/data=!4m7!3m6!1s0x8644d12cd479256b:0xdad310ca2986ef7c!8m2!3d30.4927717!4d-97.6948023!16s%2Fg%2F11j7k561nj!19sChIJayV51CzRRIYRfO-GKcoQ09o?authuser=0&hl=en&rclk=1","Sage Veterinary Imaging - Round Rock","4.7","(164)","Veterinarian","·","","·","1220 E McNeil Rd","Closed","·","(512) 688-9404","http://sageveterinary.com/","","Website","","Directions","https://ssl.gstatic.com/local/servicebusiness/default_user.png","""Most importantly they took great care of my precious pup.""","· Opens 8 AM Mon"
"https://www.google.com/maps/place/Spicewood+Springs+Animal+Hospital/data=!4m7!3m6!1s0x8644cb6855f4406d:0x1d57b3f88d6a94d1!8m2!3d30.3754921!4d-97.7606874!16s%2Fg%2F1tdw3w9s!19sChIJbUD0VWjLRIYR0ZRqjfizVx0?authuser=0&hl=en&rclk=1","Spicewood Springs Animal Hospital","4.8","(503)","Veterinarian","·","","·","4606 Spicewood Springs Rd","Closed","·","(512) 345-2727","https://spicewoodanimalhospital.com/","","Website","","Directions","https://ssl.gstatic.com/local/servicebusiness/default_user.png","""Dr. B did our pups laparoscopic spay procedure and it was fantastic!""","· Opens 7:30 AM Mon"
"https://www.google.com/maps/place/Windsor+Park+Veterinary+Clinic/data=!4m7!3m6!1s0x8644c9fa9ce3dc91:0x2ca0c68b900d4d51!8m2!3d30.3133608!4d-97.6892194!16s%2Fg%2F1tj4694q!19sChIJkdzjnPrJRIYRUU0NkIvGoCw?authuser=0&hl=en&rclk=1","Windsor Park Veterinary Clinic","4.7","(243)","Veterinarian","·","","·","1928 Gaston Pl Dr #A","Closed","·","(512) 928-1403","http://www.windsorparkvet.com/","","Website","","Directions","https://ssl.gstatic.com/local/servicebusiness/default_user.png","""They treat my pets with such care, and I really value their knowledge.""","· Opens 8 AM Mon"
"https://www.google.com/maps/place/Austin+Vet+Hospital/data=!4m7!3m6!1s0x8644b5920f69a03b:0x61e833de656e6729!8m2!3d30.3050129!4d-97.712621!16s%2Fg%2F1hhhfm448!19sChIJO6BpD5K1RIYRKWduZd4z6GE?authuser=0&hl=en&rclk=1","Austin Vet Hospital","4.8","(646)","Veterinarian","·","","·","4701 N Interstate 35 Frontage Rd","Closed","·","(512) 476-9191","https://austinvethospital.com/?y_source=1_MTI4NzExMDUtNzE1LWxvY2F0aW9uLndlYnNpdGU%3D","","Website","","Directions","https://ssl.gstatic.com/local/servicebusiness/default_user.png","""The vets are extremely informative and took their time with my dog.""","· Opens 7 AM Mon"
"https://www.google.com/maps/place/Balcones+Animal+Hospital+Inc/data=!4m7!3m6!1s0x8644cd1e51d093c7:0xc544e1d9acb1fc7d!8m2!3d30.4369164!4d-97.76031!16s%2Fg%2F1txnpvwv!19sChIJx5PQUR7NRIYRffyxrNnhRMU?authuser=0&hl=en&rclk=1","Balcones Animal Hospital Inc","4.7","(486)","Animal hospital","·","","·","6909 McNeil Dr","Closed","· Opens 7 AM Mon","(512) 258-4139","","","Directions","","","https://ssl.gstatic.com/local/servicebusiness/default_user.png","""No frills, affordable, but they care about the animals and it shows.""","·"
"https://www.google.com/maps/place/VEG+ER+for+Pets/data=!4m7!3m6!1s0x865b4b75d4f81fed:0x4af868affdf05efd!8m2!3d30.2339858!4d-97.7925169!16s%2Fg%2F11v0vq0cpl!19sChIJ7R_41HVLW4YR_V7w_a9o-Eo?authuser=0&hl=en&rclk=1","VEG ER for Pets","4.7","(1,008)","Emergency veterinarian service","·","","·","4211 S Lamar Blvd Ste A-10","Open 24 hours","·","(737) 243-9408","https://www.veg.com/locations/texas/south-lamar-austin?utm_source=organic_google&utm_medium=gbp_link&utm_campaign=locations_page&utm_content=south_lamar","","Website","","Directions","https://ssl.gstatic.com/local/servicebusiness/default_user.png","""They were able to identify the issue and save my sister’s dogs life!""",""
"https://www.google.com/maps/place/North+Austin+Animal+Hospital/data=!4m7!3m6!1s0x8644ca58411d22ed:0xbc85efc67716fb5!8m2!3d30.3318858!4d-97.7404741!16s%2Fg%2F1v7tls5b!19sChIJ7SIdQVjKRIYRtW9xZ_xeyAs?authuser=0&hl=en&rclk=1","North Austin Animal Hospital","4.8","(629)","Veterinarian","·","","·","5608 Burnet Rd","Closed","·","(512) 459-7676","http://northaustinanimalhospital.com/","","Website","","Directions","https://ssl.gstatic.com/local/servicebusiness/default_user.png","""Dr. Kristin Little gives thorough and excellent care for animals.""","· Opens 7 AM Mon"
"https://www.google.com/maps/place/Burnet+Road+Animal+Hospital/data=!4m7!3m6!1s0x8644cbbda3ecf313:0x834a2ec9dd344529!8m2!3d30.3668141!4d-97.7276301!16s%2Fg%2F1tg35m47!19sChIJE_Pso73LRIYRKUU03ckuSoM?authuser=0&hl=en&rclk=1","Burnet Road Animal Hospital","4.7","(259)","Veterinarian","·","","·","8511 Burnet Rd","Closed","·","(512) 342-1710","https://burnetroadanimalhospital.com/?utm_source=google&utm_medium=google_business_profile&utm_campaign=website_click","","Website","","Directions","https://ssl.gstatic.com/local/servicebusiness/default_user.png","""They took great care of our dog Po (and were reasonably priced!).""","· Opens 7:30 AM Mon"
"https://www.google.com/maps/place/Old+Town+Veterinary+Hospital/data=!4m7!3m6!1s0x8644d719b39619b7:0xfcf3c2ee1696935!8m2!3d30.6335487!4d-97.6706492!16s%2Fg%2F11mw7j55zg!19sChIJtxmWsxnXRIYRNWlp4S48zw8?authuser=0&hl=en&rclk=1","Old Town Veterinary Hospital","4.8","(542)","Veterinarian","·","","·","701 E University Ave","Closed","·","(737) 356-2400","https://otvethospital.com/?utm_source=gmb&utm_medium=organic","","Website","","Directions","https://ssl.gstatic.com/local/servicebusiness/default_user.png","""I was able to get an appointment quickly for my dog who needed it.""","· Opens 7:30 AM Mon"
"https://www.google.com/maps/place/Prairie+Creek+Animal+Hospital/data=!4m7!3m6!1s0x8644b98438a43071:0xbe53b297a539a0ec!8m2!3d30.2520711!4d-97.5961166!16s%2Fg%2F11js46wpx5!19sChIJcTCkOIS5RIYR7KA5pZeyU74?authuser=0&hl=en&rclk=1","Prairie Creek Animal Hospital","4.8","(298)","Veterinarian","·","","·","4700 Gilbert Rd","Closed","·","(512) 615-3551","http://pcahaustin.com/","","Website","","Directions","https://ssl.gstatic.com/local/servicebusiness/default_user.png","""The vets and staff are gentle, knowledgeable, helpful and accommodating.""","· Opens 8 AM Mon"
"https://www.google.com/maps/place/VCA+Arbor+Animal+Hospital/data=!4m7!3m6!1s0x8644cc8be6e4ebfd:0x2db04b7e36add523!8m2!3d30.371616!4d-97.7277308!16s%2Fg%2F1tkkv7zc!19sChIJ_evk5ovMRIYRI9WtNn5LsC0?authuser=0&hl=en&rclk=1","VCA Arbor Animal Hospital","4.7","(411)","Veterinarian","·","","·","8820 Burnet Rd #400","Closed","·","(512) 794-1040","https://vcahospitals.com/arbor?utm_source=maps&utm_medium=organic&utm_campaign=AU_1147","","Website","","Directions","https://ssl.gstatic.com/local/servicebusiness/default_user.png","""The doctors and staff are so knowledgeable and friendly towards my pets.""","· Opens 7 AM Mon"
"https://www.google.com/maps/place/Hill+Country+Veterinary+Hospital/data=!4m7!3m6!1s0x865b2db60f3f0601:0x9ad72797a61217bf!8m2!3d30.5153516!4d-97.849718!16s%2Fg%2F1tgxjgnk!19sChIJAQY_D7YtW4YRvxcSppcn15o?authuser=0&hl=en&rclk=1","Hill Country Veterinary Hospital","4.9","(319)","Veterinarian","·","","·","1409 W Whitestone Blvd","Closed","","","https://hillcountryvh.com/?utm_source=gmb&utm_medium=organic","","Website","","Directions","https://ssl.gstatic.com/local/servicebusiness/default_user.png","""All of the Vets are personable, knowledgeable, patient and kind.""","· Opens 7:30 AM Mon"
"https://www.google.com/maps/place/Austin+Vet+Care:+Preddy+Tiffany+DVM/data=!4m7!3m6!1s0x8644cea3ed65cef9:0x38e9692badbc491f!8m2!3d30.4113813!4d-97.6915681!16s%2Fg%2F1hc18h8g6!19sChIJ-c5l7aPORIYRH0m8rStp6Tg?authuser=0&hl=en&rclk=1","Austin Vet Care: Preddy Tiffany DVM","5.0","(1)","Veterinarian","·","","·","12419 Metric Blvd #2521","","","(512) 524-9171","https://www.thrivepetcare.com/locations/texas/austin/austin-vet-care-metric","","Website","","Directions","","",""
"https://www.google.com/maps/place/Firehouse+Animal+Health+Center+183/data=!4m7!3m6!1s0x865b332a4a804631:0xd31ae1f462f1885d!8m2!3d30.4534106!4d-97.7925686!16s%2Fg%2F11t6yf78yp!19sChIJMUaASiozW4YRXYjxYvThGtM?authuser=0&hl=en&rclk=1","Firehouse Animal Health Center 183","4.9","(342)","Veterinarian","·","","·","13616 N Hwy 183 suite c","Closed","·","(512) 813-1677","http://www.firehouse183.com/","","Website","","Directions","https://ssl.gstatic.com/local/servicebusiness/default_user.png","""Love the vet and staff and even left with a happy pet and a bottle of wine!""","· Opens 7:30 AM Mon"
"https://www.google.com/maps/place/Parmer+Lane+Pet+Hospital/data=!4m7!3m6!1s0x8644d2d0ac9518ad:0x4f89b578806eee13!8m2!3d30.5201504!4d-97.7747351!16s%2Fg%2F1v1vdl8f!19sChIJrRiVrNDSRIYRE-5ugHi1iU8?authuser=0&hl=en&rclk=1","Parmer Lane Pet Hospital","4.8","(695)","Veterinarian","·","","·","11951 W Parmer Ln","Closed","·","(512) 260-5443","https://parmerlanepethospital.com/?utm_source=gmb&utm_medium=organic","","Website","","Directions","https://ssl.gstatic.com/local/servicebusiness/default_user.png","""Very attentive, very informative, great with both animals and people.""","· Opens 7 AM Mon"
"https://www.google.com/maps/place/Taylor+Animal+Hospital/data=!4m7!3m6!1s0x8644e0b86ad031a9:0x7f94b7af5b252e4c!8m2!3d30.6054658!4d-97.4181354!16s%2Fg%2F1tkvb4m0!19sChIJqTHQarjgRIYRTC4lW6-3lH8?authuser=0&hl=en&rclk=1","Taylor Animal Hospital","4.8","(1,621)","Veterinarian","·","","·","4110 N Main St","Closed","·","(512) 352-8897","https://www.tayloranimalhospitaltx.com/?utm_source=gmb&utm_medium=organic","","Website","","Directions","https://ssl.gstatic.com/local/servicebusiness/default_user.png","""The vet fully explained my dogs diagnosis & gave me treatment options.""","· Opens 7 AM Mon"
"https://www.google.com/maps/place/Austin+Avenue+Animal+Hospital/data=!4m7!3m6!1s0x8644d6602a971a23:0xe73b4d37a39b1efe!8m2!3d30.6233715!4d-97.6793537!16s%2Fg%2F1tgns19s!19sChIJIxqXKmDWRIYR_h6bozdNO-c?authuser=0&hl=en&rclk=1","Austin Avenue Animal Hospital","4.8","(414)","Animal hospital","·","","·","2201 S Austin Ave","Closed","· Opens 9 AM Mon","(512) 863-5319","","","Directions","","","https://ssl.gstatic.com/local/servicebusiness/default_user.png","""AMAZING, trusted, knowledgeable, and kind vet!""","·"
"https://www.google.com/maps/place/Great+Oaks+Animal+Hospital/data=!4m7!3m6!1s0x8644d26e26b8c2f9:0xada8d8d628f2ba02!8m2!3d30.494826!4d-97.72734!16s%2Fg%2F1tdkh0xw!19sChIJ-cK4Jm7SRIYRArryKNbYqK0?authuser=0&hl=en&rclk=1","Great Oaks Animal Hospital","4.8","(876)","Veterinarian","·","","15950 South Great Oaks Drive","Closed","· Opens 6:30 AM Mon","·","(512) 388-4551","https://www.google.com/aclk?sa=L&ai=DChsSEwi_zYL05faUAxX0NtQBHSDRHWQYACICCAEQDBoCb2E&co=1&ase=2&gclid=Cj0KCQjwrZTRBhDSARIsAHidYfeOedVlH16WEKeuOKtVO902e6cISjfXFJOulUjftJA6tZR7pkkkUz4aAlOiEALw_wcB&cid=CAASuwHkaOiQM62KJGKYpPmlkpQUa6fKA1eLUX9l4jw5O7f1pZ5bNJph-mH6llLL43AD3h96zxlEo67mbq8cnB04VJAwb7Z0EIaJvCx72wgxYNCL7wBDwhh6ozuMyxA9VCtyk-PkbOvFEzNAgOH9M_OYbvKYhVKsAPEE1yPWA6eWNvzYJ9QndwT5KK4WRa8ncTN2W2LadMkEgDyL1TWg726GJvEVyj9WFj0JEmiobvd2RKcS8Rt_yuoocfQbHDEi&cce=2&category=acrcp_v1_32&sig=AOD64_1_G8ALkjU7jau0WJA6hOdkJ4qc4w&adurl&q&ctype=99&nis=6","","Website","","Directions","","",""
"https://www.google.com/maps/place/VCA+Lakeline+Animal+Hospital/data=!4m7!3m6!1s0x865b328e9dd6b0cf:0x74976c682088c4!8m2!3d30.460388!4d-97.821418!16s%2Fg%2F12nqgnqb3!19sChIJz7DWnY4yW4YRxIggaGyXdAA?authuser=0&hl=en&rclk=1","VCA Lakeline Animal Hospital","4.5","(224)","Veterinarian","·","","12010 Ranch Road 620 North","Closed","· Opens 7 AM Mon","·","(512) 920-1109","","","Directions","","","","",""
"https://www.google.com/maps/place/Crestview+Veterinary+Clinic+on+Airport+Blvd/data=!4m7!3m6!1s0x8644cb03aa5be0f5:0x1028f4b6a6b4f5b2!8m2!3d30.306139!4d-97.7149855!16s%2Fg%2F11s3y7wjsb!19sChIJ9eBbqgPLRIYRsvW0prb0KBA?authuser=0&hl=en&rclk=1","Crestview Veterinary Clinic on Airport Blvd","4.7","(187)","Veterinarian","·","","·","4631 Airport Blvd #116","Closed","·","(737) 243-9650","https://crestviewveterinaryclinicairport.com/?utm_source=gmb&utm_medium=organic","","Website","","Directions","https://ssl.gstatic.com/local/servicebusiness/default_user.png","""It was surprising affordable and took great care with my pet""","· Opens 7:30 AM Mon"
"https://www.google.com/maps/place/Far+West+Veterinary+Clinic/data=!4m7!3m6!1s0x8644cb88d052073b:0xdc0ba47ba6a61e81!8m2!3d30.3555589!4d-97.756734!16s%2Fg%2F11fs32c1f4!19sChIJOwdS0IjLRIYRgR6mpnukC9w?authuser=0&hl=en&rclk=1","Far West Veterinary Clinic","4.7","(207)","Veterinarian","·","","·","3720 Far W Blvd #101","Closed","·","(512) 553-1833","http://www.farwestvet.com/","","Website","","Directions","https://ssl.gstatic.com/local/servicebusiness/default_user.png","""They took my kitten in did bloodwork and first shots done in the same day.""","· Opens 8 AM Mon"
"https://www.google.com/maps/place/Mercy+Veterinary+Hospital/data=!4m7!3m6!1s0xbf36375a31547e1:0xe78fef2e28c7d0b6!8m2!3d30.6127078!4d-97.8202919!16s%2Fg%2F11sbvp4st8!19sChIJ4UcVo3Vj8wsRttDHKC7vj-c?authuser=0&hl=en&rclk=1","Mercy Veterinary Hospital","4.8","(259)","Veterinarian","·","","·","18109 Ronald Reagan Blvd Building A","Closed","·","(512) 256-1707","https://www.mercyveterinaryhospitaltx.com/","","Website","","Directions","https://ssl.gstatic.com/local/servicebusiness/default_user.png","""It gave me so much peace knowing my pet was in such caring hands.""","· Opens 7 AM Mon"
"https://www.google.com/maps/place/VCA+Premier+Animal+Hospital+and+Pet+Resort/data=!4m7!3m6!1s0x8644d330739ef5d1:0x6aa4062ccd62c08a!8m2!3d30.5396721!4d-97.774907!16s%2Fg%2F1vyk2xcj!19sChIJ0fWeczDTRIYRisBizSwGpGo?authuser=0&hl=en&rclk=1","VCA Premier Animal Hospital and Pet Resort","4.6","(463)","Veterinarian","·","","·","3651 E Whitestone Blvd","Closed","·","(512) 260-4000","https://vcahospitals.com/premier?utm_source=maps&utm_medium=organic&utm_campaign=AU_1131","","Website","","Directions","https://ssl.gstatic.com/local/servicebusiness/default_user.png","""They took us in with no appointment and gave us a grave diagnosis.""","· Opens 7 AM Mon"
"https://www.google.com/maps/place/Elgin+Veterinary+Hospital,+A+Thrive+Pet+Healthcare+Partner/data=!4m7!3m6!1s0x8644eb3dd9088c2b:0x72bdf38df6fa9c23!8m2!3d30.3410314!4d-97.3786572!16s%2Fg%2F125_xvsqb!19sChIJK4wI2T3rRIYRI5z69o3zvXI?authuser=0&hl=en&rclk=1","Elgin Veterinary Hospital, A Thrive Pet Healthcare Partner","4.5","(133)","Animal hospital","·","","·","600 US-290","Closed","·","(512) 337-8800","https://elginvets.com/?utm_source=google&utm_medium=gmb","","Website","","Directions","https://ssl.gstatic.com/local/servicebusiness/default_user.png","""They are open 24 hours for emergencies and that is great.""","· Opens 8 AM Mon"
"https://www.google.com/maps/place/Vetco+Total+Care/data=!4m7!3m6!1s0x8644cc838bf93391:0x22b2a3fe0f8582b1!8m2!3d30.3955471!4d-97.7481468!16s%2Fg%2F11gff6wz05!19sChIJkTP5i4PMRIYRsYKFD_6jsiI?authuser=0&hl=en&rclk=1","Vetco Total Care","4.3","(342)","Veterinarian","·","","·","9828 Great Hills Trl #400","Closed","·","(737) 228-1436","https://stores.petco.com/tx/austin/vet-hospital-austin-tx-444.html?utm_source=google&utm_campaign=locallist_444_vtc","","Website","","Directions","https://ssl.gstatic.com/local/servicebusiness/default_user.png","""We were in and out fast and had a good care plan for my dog.""","· Opens 8 AM Tue"
"https://www.google.com/maps/place/Wells+Branch+Pet+%26+Bird+Clinic+-+Savita+M+Wadhwani+DVM/data=!4m7!3m6!1s0x8644cddfb41aa0e3:0x77edca78a6c49316!8m2!3d30.4149585!4d-97.7083431!16s%2Fg%2F11hn8sxm70!19sChIJ46AatN_NRIYRFpPEpnjK7Xc?authuser=0&hl=en&rclk=1","Wells Branch Pet & Bird Clinic - Savita M Wadhwani DVM","4.3","(15)","Veterinarian","·","","·","12202 N Mopac Expy Ste A","Closed","·","(512) 339-8472","https://www.petandbirdclinic.com/our-veterinarians","","Website","","Directions","https://ssl.gstatic.com/local/servicebusiness/default_user.png","""Dr. Wadhwani's staff was so kind and got us in quickly.""","· Opens 7 AM Mon"
"https://www.google.com/maps/place/ATX+Animal+Clinic/data=!4m7!3m6!1s0x8644cb6c72d00b7f:0x6edab688cdba9aa4!8m2!3d30.370863!4d-97.757243!16s%2Fg%2F12hql92bn!19sChIJfwvQcmzLRIYRpJq6zYi22m4?authuser=0&hl=en&rclk=1","ATX Animal Clinic","4.8","(296)","Veterinarian","·","","·","8033 Mesa Dr A","Closed","·","(512) 338-4300","https://atxanimalclinic.com/","","Website","","Directions","https://ssl.gstatic.com/local/servicebusiness/default_user.png","""Dr. Rob went above and beyond to help and resolve our dog’s medical issues.""","· Opens 8 AM Mon"
"https://www.google.com/maps/place/New+Hope+Animal+Hospital/data=!4m7!3m6!1s0x865b2cf0312c3ed1:0x9be9c6c3b8194f88!8m2!3d30.5370716!4d-97.8188157!16s%2Fg%2F11c5bl_47w!19sChIJ0T4sMfAsW4YRiE8ZuMPG6Zs?authuser=0&hl=en&rclk=1","New Hope Animal Hospital","4.6","(851)","Veterinarian","·","","·","1210 E New Hope Dr","Closed","·","(512) 690-4124","https://cedarparkvet.com/?utm_source=gmb&utm_medium=organic","","Website","","Directions","https://ssl.gstatic.com/local/servicebusiness/default_user.png","""The vet was very thorough in explaining the issues my cat was having.""","· Opens 6:30 AM Mon"
"https://www.google.com/maps/place/Eye+Care+for+Animals+-+Austin/data=!4m7!3m6!1s0x8644cd1155555555:0xefcae39e9bb52892!8m2!3d30.4113445!4d-97.6916084!16s%2Fg%2F1tdps190!19sChIJVVVVVRHNRIYRkii1m57jyu8?authuser=0&hl=en&rclk=1","Eye Care for Animals - Austin","4.8","(321)","Veterinarian","·","","·","12419 Metric Blvd","Closed","·","(512) 335-3937","https://www.thrivepetcare.com/locations/texas/austin/eye-care-for-animals-austin?utm_source=gmb&utm_medium=web","","Website","","Directions","https://ssl.gstatic.com/local/servicebusiness/default_user.png","""Took great care of my cat during a very stressful situation.""","· Opens 9 AM Mon"
"https://www.google.com/maps/place/Austin+Urban+Veterinary+Center/data=!4m7!3m6!1s0x8644b50e795a5b07:0x11819a7f4b2975c5!8m2!3d30.2694039!4d-97.7502981!16s%2Fg%2F1tfvzjr2!19sChIJB1taeQ61RIYRxXUpS3-agRE?authuser=0&hl=en&rclk=1","Austin Urban Veterinary Center","4.9","(513)","Animal hospital","·","","·","710 W 5th St","Closed","·","(512) 476-2882","https://austinurbanvet.com/?utm_source=google&utm_medium=organic&utm_campaign=google_business_profile","","Website","","Directions","https://ssl.gstatic.com/local/servicebusiness/default_user.png","""They deliver an amazing experience focused on your pet’s health and comfort.""","· Opens 8 AM Mon"
"https://www.google.com/maps/place/Cedar+Park+Animal+Clinic/data=!4m7!3m6!1s0x865b2d08bf189e1b:0x32956343332abe8f!8m2!3d30.51022!4d-97.824242!16s%2Fg%2F1tjmf1z0!19sChIJG54YvwgtW4YRj74qM0NjlTI?authuser=0&hl=en&rclk=1","Cedar Park Animal Clinic","4.5","(223)","Veterinarian","·","","·","119 N Bell Blvd","Closed","·","(737) 260-7493","https://cedarparkanimalclinic.com/?utm_source=GMBlisting&utm_medium=organic&utm_campaign=gmb","","Website","","Directions","https://ssl.gstatic.com/local/servicebusiness/default_user.png","""Our wait time is always quick and they made my puppy feel very at ease!""","· Opens 8 AM Mon"
"https://www.google.com/maps/place/Block+House+Creek+Animal+Hospital/data=!4m7!3m6!1s0x865b2c5a494f8e4f:0x5ffb9b9cd258d939!8m2!3d30.5361455!4d-97.8358708!16s%2Fg%2F1tnqhdps!19sChIJT45PSVosW4YROdlY0pyb-18?authuser=0&hl=en&rclk=1","Block House Creek Animal Hospital","4.7","(998)","Veterinarian","·","","·","2200 N Bell Blvd","Closed","·","(512) 259-4200","https://bhcah.com/?utm_source=gmb&utm_medium=organic","","Website","","Directions","https://ssl.gstatic.com/local/servicebusiness/default_user.png","""Dr U has repeatedly saved the lives of my many dogs multiple times over.""","· Opens 7 AM Mon"
"https://www.google.com/maps/place/Coupland+Veterinary+Hospital+-+Dr.+Arlon+Graef,+DVM/data=!4m7!3m6!1s0x8644e9d233ef0ac5:0x7fe4824106db8310!8m2!3d30.460056!4d-97.3925357!16s%2Fg%2F11fkthkhks!19sChIJxQrvM9LpRIYREIPbBkGC5H8?authuser=0&hl=en&rclk=1","Coupland Veterinary Hospital - Dr. Arlon Graef, DVM","4.8","(468)","Veterinarian","·","","·","302 Hoxie St","Closed","·","(512) 856-0045","https://couplandveterinaryhospital.com/","","Website","","Directions","https://ssl.gstatic.com/local/servicebusiness/default_user.png","""Very affordable and great attention to our fur babies.""","· Opens 9 AM Mon"
"https://www.google.com/maps/place/Lap+of+Love+-+Austin/data=!4m7!3m6!1s0x8644d1034bb55a83:0x2458159ca9a86a7e!8m2!3d30.4639326!4d-97.6640979!16s%2Fg%2F11h3ft0010!19sChIJg1q1SwPRRIYRfmqoqZwVWCQ?authuser=0&hl=en&rclk=1","Lap of Love - Austin","4.7","(131)","Veterinarian","","","·","","Open 24 hours","","(512) 808-0836","https://www.lapoflove.com/find-a-vet/Texas/Austin/about","","Website","","Directions","https://ssl.gstatic.com/local/servicebusiness/default_user.png","""Dr. Kelsi gave our cat Babby a beautiful and dignified send off.""",""
"https://www.google.com/maps/place/Just+Food+For+Dogs/data=!4m7!3m6!1s0x8644c56f4d0a4013:0x6030e93870ce2321!8m2!3d30.4724491!4d-97.5969353!16s%2Fg%2F11lr8jsydr!19sChIJE0AKTW_FRIYRISPOcDjpMGA?authuser=0&hl=en&rclk=1","Just Food For Dogs","","","Pet supply store","·","","·","Inside Petco, 19000 Limestone Commercial Dr","Closed","·","(512) 252-3677","https://www.justfoodfordogs.com/store/19000-limestone-commercial-drive-pflugerville-tx-78660.html?utm_source=local&utm_medium=organic&utm_campaign=GMB&utm_content=petshop","","Website","","Directions","","Delivery","· Opens 9 AM Mon"
"https://www.google.com/maps/place/PetVet365+Pet+Hospital+Georgetown/data=!4m7!3m6!1s0x8644d7a17f1eb5f9:0x9ffd17b6f7b09297!8m2!3d30.5868358!4d-97.658527!16s%2Fg%2F11xmlm90p9!19sChIJ-bUef6HXRIYRl5Kw97YX_Z8?authuser=0&hl=en&rclk=1","PetVet365 Pet Hospital Georgetown","5.0","(42)","Veterinarian","·","","·","2080 Westinghouse Rd Building 1 Suite 102","Closed","·","(512) 316-7056","https://www.petvet365.com/locations/georgetown","","Website","","Directions","https://ssl.gstatic.com/local/servicebusiness/default_user.png","""The vets were very kind, friendly, professional and knowledgeable.""","· Opens 9 AM Mon"
"https://www.google.com/maps/place/VCA+Elgin+Family+Pet+Center/data=!4m7!3m6!1s0x8644eafc8e44cd8f:0xe84deeb31ae7aa32!8m2!3d30.3531157!4d-97.3984359!16s%2Fg%2F1tdwf9xx!19sChIJj81EjvzqRIYRMqrnGrPuTeg?authuser=0&hl=en&rclk=1","VCA Elgin Family Pet Center","4.5","(318)","Veterinarian","·","","·","1399 US-290","Closed","·","(512) 285-3375","https://vcahospitals.com/elgin?utm_source=maps&utm_medium=organic&utm_campaign=AU_1164","","Website","","Directions","https://ssl.gstatic.com/local/servicebusiness/default_user.png","""The staff was incredibly helpful in treating my cat, quick and professional.""","· Opens 7 AM Mon"
"https://www.google.com/maps/place/VROC+%28Veterinary+Regional+Orthopedic+Center%29/data=!4m7!3m6!1s0x8644cd00391a44ef:0x3bd6f72f3701c426!8m2!3d30.4735645!4d-97.7712016!16s%2Fg%2F11xysnzc9r!19sChIJ70QaOQDNRIYRJsQBNy_31js?authuser=0&hl=en&rclk=1","VROC (Veterinary Regional Orthopedic Center)","5.0","(33)","Veterinarian","·","","·","13805 N FM 620","Closed","·","(512) 778-8762","http://www.vroc.vet/","","Website","","Directions","https://ssl.gstatic.com/local/servicebusiness/default_user.png","""Dr. Bevans and Amy were so compassionate and caring about fixing George.""","· Opens 8 AM Mon"
"https://www.google.com/maps/place/Avery+Ranch+Animal+Hospital/data=!4m7!3m6!1s0x8644d2b720c0d73d:0xdbd5d7f3600534d6!8m2!3d30.4859295!4d-97.8080253!16s%2Fg%2F1thw_vbk!19sChIJPdfAILfSRIYR1jQFYPPX1ds?authuser=0&hl=en&rclk=1","Avery Ranch Animal Hospital","4.7","(587)","Veterinarian","·","","·","12720 Avery Ranch Blvd","Closed","·","(512) 255-1388","https://averyranchvet.com/?utm_source=gmb&utm_medium=organic","","Website","","Directions","https://ssl.gstatic.com/local/servicebusiness/default_user.png","""They were able to get me in right away when my pup was sick.""","· Opens 7:30 AM Mon"
"https://www.google.com/maps/place/Brykerwood+Veterinary+Clinic/data=!4m7!3m6!1s0x8644ca84594cd3b1:0xd8bc3c623315f11c!8m2!3d30.305908!4d-97.749726!16s%2Fg%2F1tfcz624!19sChIJsdNMWYTKRIYRHPEVM2I8vNg?authuser=0&hl=en&rclk=1","Brykerwood Veterinary Clinic","4.5","(293)","Veterinarian","·","","1501 West 35th Street","Closed","· Opens 7 AM Mon","·","(512) 454-3833","https://www.google.com/aclk?sa=L&ai=DChsSEwiLhMX25faUAxXKUn8AHauiFj4YACICCAEQBRoCb2E&co=1&ase=2&gclid=Cj0KCQjwrZTRBhDSARIsAHidYffYZsW90myr_GThcUJThYp_rDcQ2-9klIvyz6bRbOB34b2ttyq6pnoaAnjlEALw_wcB&cid=CAASuwHkaCaFyOx-Lb7bQBSl7G2TETc6rrwe0ffs_BKKA90zwo7fP-N5jGB3GFmMRWU82qf3t9ZhaIiMJuUJpJ6fri61-_N3qe9aEkALVCOpxk2tn3zN8oEY-hm2Lw8dNobCLa2NmzdHPtNCwHjstqY4ZJJWdl6B4VP7MEH9Z1UOBeMWSWmCR6nH66S12j7ffgapQZRAK5i4kPPcSDzQiBFvyOzhQ68Cvc7LB9FKOBbEpOM9XOTwI5jqWJwoiScR&cce=2&category=acrcp_v1_32&sig=AOD64_1ZRY_5lrvIWshcsrDLrCBXlm0hXA&adurl&q&ctype=99&nis=6","","Website","","Directions","","",""
"https://www.google.com/maps/place/Great+Oaks+Animal+Hospital/data=!4m7!3m6!1s0x8644d26e26b8c2f9:0xada8d8d628f2ba02!8m2!3d30.494826!4d-97.72734!16s%2Fg%2F1tdkh0xw!19sChIJ-cK4Jm7SRIYRArryKNbYqK0?authuser=0&hl=en&rclk=1","Great Oaks Animal Hospital","4.8","(876)","Veterinarian","·","","15950 South Great Oaks Drive","Closed","· Opens 6:30 AM Mon","·","(512) 388-4551","https://www.google.com/aclk?sa=L&ai=DChsSEwiLhMX25faUAxXKUn8AHauiFj4YACICCAEQAhoCb2E&co=1&ase=2&gclid=Cj0KCQjwrZTRBhDSARIsAHidYfdqAVksI_3Ft91pnnC5v9jQekgom9ZGcEmqKm9x4i61Ls9nZQKEIOEaAjVyEALw_wcB&cid=CAASuwHkaCaFyOx-Lb7bQBSl7G2TETc6rrwe0ffs_BKKA90zwo7fP-N5jGB3GFmMRWU82qf3t9ZhaIiMJuUJpJ6fri61-_N3qe9aEkALVCOpxk2tn3zN8oEY-hm2Lw8dNobCLa2NmzdHPtNCwHjstqY4ZJJWdl6B4VP7MEH9Z1UOBeMWSWmCR6nH66S12j7ffgapQZRAK5i4kPPcSDzQiBFvyOzhQ68Cvc7LB9FKOBbEpOM9XOTwI5jqWJwoiScR&cce=2&category=acrcp_v1_32&sig=AOD64_3ZVPupw--mO8GnSZciSNrC7wUHHQ&adurl&q&ctype=99&nis=6","","Website","","Directions","","",""
"https://www.google.com/maps/place/Modern+Animal+Mueller/data=!4m7!3m6!1s0x8644b5006a26f90d:0x178860dd708981f!8m2!3d30.2998702!4d-97.703737!16s%2Fg%2F11w1z63q1x!19sChIJDfkmagC1RIYRH5gI1w2GeAE?authuser=0&hl=en&rclk=1","Modern Animal Mueller","4.7","(77)","Veterinarian","·","","·","2015 Aldrich St","Closed","·","(737) 214-0694","https://www.modernanimal.com/clinics/mueller","","Website","","Directions","https://ssl.gstatic.com/local/servicebusiness/default_user.png","""They literally saved my dog Teddy’s life, and I’ll be forever grateful.""","· Opens 8 AM Mon"
"https://www.google.com/maps/place/VCA+Capital+Area+Veterinary+Specialists/data=!4m7!3m6!1s0x8644cba0c6cef55b:0x991bb246e9a2f672!8m2!3d30.3632111!4d-97.7404375!16s%2Fg%2F1tfgpsqn!19sChIJW_XOxqDLRIYRcvai6UayG5k?authuser=0&hl=en&rclk=1","VCA Capital Area Veterinary Specialists","4.3","(58)","Veterinarian","·","","7958 Shoal Creek Blvd","","Closed","·","(512) 388-0944","https://vcahospitals.com/capital-area?utm_source=maps&utm_medium=organic&utm_campaign=AU_1002","","Website","","Directions","https://ssl.gstatic.com/local/servicebusiness/default_user.png","""Dr Treuil was very thorough and informative with my dogs treatment plan.""","· Opens 7 AM Mon"
"https://www.google.com/maps/place/Veterinary+Surgical+Solutions/data=!4m7!3m6!1s0x8644cb93d89f050f:0xbb102939fde963ee!8m2!3d30.3767608!4d-97.7251081!16s%2Fg%2F11b5pklp_l!19sChIJDwWf2JPLRIYR7mPp_TkpELs?authuser=0&hl=en&rclk=1","Veterinary Surgical Solutions","4.7","(256)","Veterinarian","·","","9231 Burnet Rd #102","","Closed","·","(512) 428-6167","https://vssaustin.com/","","Website","","Directions","https://ssl.gstatic.com/local/servicebusiness/default_user.png","""They saved my dog's broken leg!""","· Opens 7 AM Mon"
"https://www.google.com/maps/place/Woof+Animal+Hospital/data=!4m7!3m6!1s0x8644d72b047cf6cb:0xb70ace7c00809a8c!8m2!3d30.6584399!4d-97.6686823!16s%2Fg%2F11k3brqv94!19sChIJy_Z8BCvXRIYRjJqAAHzOCrc?authuser=0&hl=en&rclk=1","Woof Animal Hospital","4.9","(275)","Veterinarian","·","","·","1911 N Austin Ave #101","Closed","·","(512) 487-6272","https://www.woofanimalhospitaltx.com/","","Website","","Directions","https://ssl.gstatic.com/local/servicebusiness/default_user.png","""She saved my dogs life and is reasonably priced.""","· Opens 7:30 AM Mon"
"https://www.google.com/maps/place/Pet+Supermarket/data=!4m7!3m6!1s0x8644dacf2b75e8b1:0x6af38cdc31e9e40b!8m2!3d30.5006796!4d-97.5856298!16s%2Fg%2F11h04nrwyq!19sChIJseh1K8_aRIYRC-TpMdyM82o?authuser=0&hl=en&rclk=1","Pet Supermarket","4.3","(387)","Pet store","·","","·","4750 Gattis School Rd","Closed","Pet food & supply specialist","(737) 717-6886","https://www.petsupermarket.com/storelocator/?storeId=318","","Website","","Directions","https://ssl.gstatic.com/local/servicebusiness/default_user.png","""They literally saved her life as none of the tricks worked to feed frozen.""","· Opens 10 AM Thu"
"https://www.google.com/maps/place/All+Spines+Chiropractic/data=!4m7!3m6!1s0x8644d0197693e86b:0xb135185085714753!8m2!3d30.4971338!4d-97.6291314!16s%2Fg%2F11dx9gr_zj!19sChIJa-iTdhnQRIYRU0dxhVAYNbE?authuser=0&hl=en&rclk=1","All Spines Chiropractic","5.0","(56)","Chiropractor","·","","·","1490 Rusk Rd STE 404","Closed","·","(512) 520-7607","http://www.allspineschiro.com/","","Website","","Directions","https://ssl.gstatic.com/local/servicebusiness/default_user.png","""Dr. Angelo was able to see us the same day.""","· Opens 1 PM Mon"
"https://www.google.com/maps/place/Allandale+Veterinary+Clinic/data=!4m7!3m6!1s0x8644ca54d12322c7:0x5b5ae0f3dec46f9d!8m2!3d30.3445368!4d-97.7382711!16s%2Fg%2F1tx1tl4v!19sChIJxyIj0VTKRIYRnW_E3vPgWls?authuser=0&hl=en&rclk=1","Allandale Veterinary Clinic","4.7","(231)","Veterinarian","·","","·","6800 Burnet Rd #1","Closed","·","(512) 454-6719","http://www.allandalevetclinic.com/","","Website","","Directions","https://ssl.gstatic.com/local/servicebusiness/default_user.png","""The front desk and the vets are so helpful, knowledgeable, and friendly.""","· Opens 7:30 AM Mon"
"https://www.google.com/maps/place/UrgentVet/data=!4m7!3m6!1s0x8644cbd0a873770f:0x9e1fe0933c9a49fd!8m2!3d30.3485933!4d-97.7349118!16s%2Fg%2F11v5s9v9r3!19sChIJD3dzqNDLRIYR_UmaPJPgH54?authuser=0&hl=en&rclk=1","UrgentVet","4.7","(277)","Emergency veterinarian service","·","","·","7301 Burnet Rd #200M","Closed","·","(737) 587-4070","https://urgentvet.com/location/crestview-austin-tx/","","Website","","Directions","https://ssl.gstatic.com/local/servicebusiness/default_user.png","""They were able to get my dog back quickly and took great care of her.""","· Opens 3 PM Mon"
"https://www.google.com/maps/place/Crossing+Animal+Clinic/data=!4m7!3m6!1s0x865b32e9253dc90d:0xebbcd5aa0c1c0aa2!8m2!3d30.4476447!4d-97.8107174!16s%2Fg%2F1tf2sn1l!19sChIJDck9JekyW4YRogocDKrVvOs?authuser=0&hl=en&rclk=1","Crossing Animal Clinic","4.8","(185)","Animal hospital","·","","·","10700 Anderson Mill Rd #103","Closed","·","(512) 331-9737","http://www.crossinganimalclinic.com/","","Website","","Directions","https://ssl.gstatic.com/local/servicebusiness/default_user.png","""She is thorough and a highly skilled","· Opens 7 AM Mon"
"https://www.google.com/maps/place/Leander+Veterinary+Clinic/data=!4m7!3m6!1s0x865b2bfcb2adb923:0xaf90b9cbdecc8391!8m2!3d30.5569822!4d-97.859198!16s%2Fg%2F12jsg87l1!19sChIJI7mtsvwrW4YRkYPM3su5kK8?authuser=0&hl=en&rclk=1","Leander Veterinary Clinic","4.5","(470)","Veterinarian","·","","·","1300 S Bagdad Rd","Closed","·","(512) 260-0400","http://leandervetclinic.com/","","Website","","Directions","https://ssl.gstatic.com/local/servicebusiness/default_user.png","""I had to take my cat in, they were able to get me in the same day.""","· Opens 7:30 AM Mon"
"https://www.google.com/maps/place/Hyde+Park+Animal+Clinic/data=!4m7!3m6!1s0x8644ca6d2a801577:0x8f4b22595f3fd35d!8m2!3d30.3145791!4d-97.7201626!16s%2Fg%2F1vvdvlvj!19sChIJdxWAKm3KRIYRXdM_X1kiS48?authuser=0&hl=en&rclk=1","Hyde Park Animal Clinic","4.3","(78)","Animal hospital","·","","·","404 E 51st St","Closed","· Opens 10:30 AM Mon","(512) 451-4781","","","Directions","","","https://ssl.gstatic.com/local/servicebusiness/default_user.png","""Super sweet and took great care of my cat under a very short notice.""","·"
"https://www.google.com/maps/place/Buttercup+Veterinary+Hospital/data=!4m7!3m6!1s0x865b2d0d80729a79:0xd4857b5f13bcf377!8m2!3d30.503273!4d-97.8178743!16s%2Fg%2F1tj7wt1q!19sChIJeZpygA0tW4YRd_O8E197hdQ?authuser=0&hl=en&rclk=1","Buttercup Veterinary Hospital","4.8","(537)","Veterinarian","·","","·","610 S Bell Blvd","Closed","·","(512) 335-7387","https://buttercupvethospital.com/?utm_source=gmb&utm_medium=organic","","Website","","Directions","https://ssl.gstatic.com/local/servicebusiness/default_user.png","""They explained everything and treated my dog with kindness and gentility.""","· Opens 7 AM Mon"
"https://www.google.com/maps/place/CityVet+%7C+Central+Austin/data=!4m7!3m6!1s0x8644cb413865c001:0xce76b91414aaa14d!8m2!3d30.3022698!4d-97.7380568!16s%2Fg%2F11w8z27g8t!19sChIJAcBlOEHLRIYRTaGqFBS5ds4?authuser=0&hl=en&rclk=1","CityVet | Central Austin","5.0","(153)","Veterinarian","·","","·","3711 Guadalupe St","Closed","·","(512) 717-0005","https://www.cityvet.com/cityvet/central-austin/?utm_source=yext&utm_medium=organic&utm_campaign=central-austin","","Website","","Directions","https://ssl.gstatic.com/local/servicebusiness/default_user.png","""They got me in same day when my dog was sick.""","· Opens 7:30 AM Mon"
"https://www.google.com/maps/place/Griffith+Small+Animal+Hospital/data=!4m7!3m6!1s0x8644cae4018ed9cb:0x922f9c2f3a77e028!8m2!3d30.3374069!4d-97.7579792!16s%2Fg%2F1tgn53nw!19sChIJy9mOAeTKRIYRKOB3Oi-cL5I?authuser=0&hl=en&rclk=1","Griffith Small Animal Hospital","4.9","(689)","Veterinarian","·","","·","3407 Northland Dr","Closed","·","(512) 453-5828","https://griffithanimalhospital.com/?utm_source=gmb&utm_medium=organic","","Website","","Directions","https://ssl.gstatic.com/local/servicebusiness/default_user.png","""Dr. Quiles was an outstanding, compassionate and thorough vet.""","· Opens 7 AM Mon"
"https://www.google.com/maps/place/Emancipet/data=!4m7!3m6!1s0x8644b686bc8ffecd:0x2555870c2ce03f41!8m2!3d30.2531592!4d-97.6887938!16s%2Fg%2F1tflmty2!19sChIJzf6PvIa2RIYRQT_gLAyHVSU?authuser=0&hl=en&rclk=1","Emancipet","4.6","(1,805)","Veterinarian","·","","·","7201 Levander Loop Buildings I","Closed","·","(512) 587-7729","https://emancipet.org/clinics/levander-loop/","","Website","","Directions","https://ssl.gstatic.com/local/servicebusiness/default_user.png","""I was able to be seen and schedule my pups surgery within a hour.""","· Opens 10 AM Mon"
"https://www.google.com/maps/place/Moon+Veterinary+and+Reproductive+Services/data=!4m7!3m6!1s0x8644e9e11f166ea1:0x185e2579ff8b91b2!8m2!3d30.4737582!4d-97.4124702!16s%2Fg%2F11n567787l!19sChIJoW4WH-HpRIYRspGL_3klXhg?authuser=0&hl=en&rclk=1","Moon Veterinary and Reproductive Services","5.0","(6)","Veterinarian","·","","18051 FM1660","","Closed","·","(254) 541-6612","https://www.moonveterinaryservices.com/","","Website","","Directions","https://ssl.gstatic.com/local/servicebusiness/default_user.png","""You can't beat a knowledgeable yet affordable vet that cares.""","· Opens 8 AM Mon"
"https://www.google.com/maps/place/Firehouse+Animal+Health+Center+Cedar+Park/data=!4m7!3m6!1s0x8644d3617c873c2f:0xf0ca81fbb58f7cd4!8m2!3d30.5361712!4d-97.780282!16s%2Fg%2F11s34ml76w!19sChIJLzyHfGHTRIYR1HyPtfuByvA?authuser=0&hl=en&rclk=1","Firehouse Animal Health Center Cedar Park","4.8","(144)","Veterinarian","·","","·","3219 E Whitestone Blvd ste 300","Closed","·","(512) 580-4801","http://www.firehousecedarpark.com/","","Website","","Directions","https://ssl.gstatic.com/local/servicebusiness/default_user.png","""They literally saved my dog's life after he ingested something.""","· Opens 7:30 AM Mon"
"https://www.google.com/maps/place/2222+Veterinary+Clinic/data=!4m7!3m6!1s0x865b338ddee5e8f7:0xb15499612ddb14c7!8m2!3d30.3931011!4d-97.84517!16s%2Fg%2F1hf1c4n09!19sChIJ9-jl3o0zW4YRxxTbLWGZVLE?authuser=0&hl=en&rclk=1","2222 Veterinary Clinic","4.8","(459)","Veterinarian","·","","·","10601 Ranch to Market Rd 2222 Suite S","Closed","·","(512) 276-2633","http://www.2222veterinaryclinic.com/","","Website","","Directions","https://ssl.gstatic.com/local/servicebusiness/default_user.png","""They literally saved my dog’s life.""","· Opens 7:30 AM Mon"
"https://www.google.com/maps/place/Wood,+Jason+D,+DVM/data=!4m7!3m6!1s0x8644cd1e51d093c7:0x3d66affd6657549!8m2!3d30.4369111!4d-97.7602995!16s%2Fg%2F1tfbnqml!19sChIJx5PQUR7NRIYRSXVl1v9q1gM?authuser=0&hl=en&rclk=1","Wood, Jason D, DVM","5.0","(15)","Veterinarian","·","","·","6909 McNeil Dr","Closed","· Opens 7 AM Mon","(512) 258-5738","","","Directions","","","https://ssl.gstatic.com/local/servicebusiness/default_user.png","""He gave me an allergy medication for her and drops for her ears.""","·"
"https://www.google.com/maps/place/Vetco+Total+Care/data=!4m7!3m6!1s0x8644b575c4eb6a83:0x2fa5abf2aee2b195!8m2!3d30.30087!4d-97.72048!16s%2Fg%2F1thkxnjr!19sChIJg2rrxHW1RIYRlbHirvKrpS8?authuser=0&hl=en&rclk=1","Vetco Total Care","4.7","(175)","Veterinarian","·","","·","1000 E 41st St Suite 820","Closed","·","(512) 472-5879","https://stores.petco.com/tx/austin/vet-hospital-austin-tx-482.html?utm_source=google&utm_campaign=locallist_482_vtc","","Website","","Directions","https://ssl.gstatic.com/local/servicebusiness/default_user.png","""Dr Chan was wonderful, very helpful and thorough with examining my cat.""","· Opens 9 AM Mon"
"","","","","","","","","","","","","","","","","","","",""